
brythonic_language = {

	color = map_WLS

	family = celtic_language_family

	male_names = {
		#Welsh
		name_adam
		name_david
		name_ennius 
		name_ednevet name_john
		name_goronwy name_godfrey name_griffith name_walter name_william name_wynn
		name_henry name_hugh name_howell
		name_edward name_ithel name_ivor
		name_louis name_lloyd
		name_madog name_meredith name_melior name_maurice name_morgan
		name_eugene
		name_philip
		name_reginald name_rhirid name_roderick name_rhys
		name_tegwared name_thomas name_theodore
	}
	female_names = {
		# Welsh
		Angharad
		Dyddgu
		name_helen name_eleanor
		Gwallaten Gwen name_jennifer Gwenllian Gweirfyl
		name_catherine
		name_lucia # Lucy 
		Lowri
		name_mary Mallt Marged Morfydd
		Nesta name_neve
	}
	
	dynasty_names = {
		aberavon aberkenfig abergavenny
		bridgend
		cwmgwrach
		dinevor dwyfor
		emlyn
		brogyntyn
		gower gwerclas
		hendwr
		llanddewi_brefi
		merioneth
		neath
		pontypandy
		rhuddlan ruthin
		snowdon 
	}

	ship_names = {
		anfarwol
		ardderchog
		brwd
		brwdfrydig
		cadarn
		cain
		cawr
		cerddgar
		clyd
		cyfareddol
		cymreig
		cywir
		cywirdeb
		direidus
		dirgel
		dirgelwch
		eglurhaol
		eithriadol
		euraid
		fflamgoch
		galwadwy
		garw
		gloyw
		gorfoledd
		gorlif
		gwyntog
		haerllug
		heddwen
		heddychlon
		helyg
		hirfelyn
		hirionedd
		hudolus
		hynod
		iaithlawn
		iraidd
		lleddf
		llongyfarch
		lluddias
		llwyd
		llyfn
		llygadwyllt
		llygaid-wen
		lysieuol
		mawreddog
		medrus
		melyngoch
		mewnfwyafn
		morol
		nawddgar
		noddfa
		oerfel
		olau
		parhadol
		poblogaidd
		rhamantus
		sefyllfa
		seren
		talgarth
		taranau
		tosturiol
		uchelgeisiol
		unben
		wawddeg
		ymylchgrawn
		ynfydgar
	}
	
	dynasty_template_keys = {
		SOMEONE_OF_SOMEWHERE
		SOMEONE_FROM_SOMEWHERE
		SOMEONE_THE_SOMETHING_OF_SOMEWHERE__TYPE
		SOMEONE_THE_SOMEDESC_SOMETHING__ADJ_TYPE
		SOMEONE_THE_SOMELOCALITY_SOMETHING__TYPE
		SOMEONE_THE_SOMENATIONALITY_SOMETHING__TYPE
	}
	
	lowborn = {
		# Welsh
		name_john # ap Ioan, Jones Johnson Jenkins
		ap_Dafydd #Davies
		ap_Gwilym #Williams Wilson
		ab_Ifan # Evans Bevan
		ap_Tomos # Thomas
		ap_Robert # Roberts Hopkins
		ap_Llywelyn # Lewis
		ap_Huw # Hughes Pugh
		ap_Morgan # Morgan
		ap_Gruffydd # Griffiths
		ap_Iorwerth # Edwards
		# Smith
		# name_james
		ap_Rees # Rees, Rhys, Price
		ap_Morris # Morris
		ap_Phillip # Phillips
		name_richard # Richards, Pritchard
		ap_Lloyd # Lloyds
		ap_Harri # Harris, Parry
		# Taylor
		ap_Hywel # Howell Howells
		# Brown
		#Watkins Walters
		ap_Roger # Rogers
		# Hill
		# Ellis
		# Matthews
		ab_Owain #Bowen, Owen, Owens
		ap_Gwyn # Wynn
	}

	patronym_prefix_son = "patronym_prefix_welsh_son"
	patronym_prefix_son_vowel = "patronym_prefix_welsh_son_vowel"
	patronym_prefix_daughter = "patronym_prefix_welsh_daughter"

	dialects = {
		welsh_dialect = {

		}

		breton_dialect = {
			
		}
	}
}

english_language = {

	color = map_ENG

	family = germanic_language_family

	male_names = {
		name_adam name_adrian name_alan name_alberic name_albert name_alexander name_alfred name_andrew name_anthony name_archibald name_arnold name_arthur name_emmerich
		name_benedict 
		name_cecil name_charles name_christian name_christopher name_clement name_cuthbert 
		name_daniel name_david name_dennis
		name_edgar name_edmond name_edward name_eric
		name_francis
		name_gawain name_godfrey name_george name_gerald name_gerard name_gilbert name_giles name_gregory
		name_henry name_hugh Humphrey 
		name_enguerrand
		name_james name_john
		name_laurence name_louis name_lucas
		name_mark name_martin name_matthew name_maurice name_michael
		name_nicholas name_nigel name_norman
		name_eugene
		name_patrick name_peter name_philip
		name_ralph name_reginald name_richard name_robert name_roderick name_roger
		name_simeon name_stephen
		name_theobald name_theodore name_thomas
		name_vincent
		name_walter name_wilfred name_william

		# Protestant
		name_aaron name_abraham 
		name_bartholomew name_benjamin 
		name_cornelius
		name_elias Ezra
		name_gabriel 
		name_isaac 
		Jason name_jonas Jonathan name_jordan name_joseph name_joshua Josiah 
		name_moses 
		Nathan Nathaniel 
		name_samuel name_salomon
		name_timothy
		name_zechariah		

		# Islamic
		name_muhammad	
	}
	female_names = {
		Abigail name_agatha name_agnes name_alice Alison Amy name_anna name_annabel
		name_barbara name_beatrix Bridget
		name_caroline name_catherine name_cecile name_charlotte name_christine name_clemence
		Deborah Denise Dinah name_dorothy
		name_edith name_eleanor Ellen name_elizabeth name_emma Esther Eve
		name_frances
		name_grace
		Hannah Harriet
		Isolde
		Jemima name_joanna Joyce name_judith
		Lucy name_lydia
		Mabel name_margaret Marjorie Marion name_martha name_matilda Maud
		Nancy
		Patience Pernel Phoebe Phyllis
		name_rachel Rebecca Rosamund name_rosa Ruth
		name_sara name_sophia name_susan name_sybil
		Violet
	}
	dynasty_names = {	
		Dudley name_mowbray beaufort_dynasty Howard Seymour holland_dynasty 
		Talbot Stanley Courtenay de_la_Pole de_Vere stafford_dynasty Grey le_Despenser de_Camoys
		Oglethorpe Hyde
	}
	
	lowborn = {
		Abbott Abdy Ackland Acklom name_adam Adams Adderley Adye Affleck Aitchison Alcock Alder Aldham name_alexander Alfray Allan Allardice Allen Alleyn Allison Alms Alner Alt name_ambrose Anderson Andoe name_andrew Andrews Annesley Anstis Anstruther name_anthony Antram Aplin Appleby Archdall Archibold Arden Argyles Armstrong name_arnold Arrow Arscott name_arthur Ashington Astbury Astle Atchison Atkin Atkins Atkinson Atwater Austen Autridge Averell Avery Axe Ayles Aylmer Ayres Ayscough 
		Babington Bacha Bacon Badger Bailey Bain Baines Baird Baker Baldrick Baldridge name_baldwin Baley Balfour Ball Ballard Baly Bamber Bankes Banks Barber Barker Barler Barley Barlow Barnard Barnsley Barrete Barrett Barrie Barron Barton Barwell Barwick Basden Bashford Baskerville Bass Bassan Bassett Bastard Bastide Bastin Bateman Bates Bathurst Batt Batten Baugh Baumgardt Bawden Bayley Baynes Bayntin Bayntun Bazeley Bazely Beanor Beaker Beale Bean Beard Beasant Beasley Beauchamp Beauclerk Beaufort Beaufoy Beauman beaumont_dynasty Beaver Becher Beckett Bedford Bedingfield Beech Beecroft Belchier Belden Bell Bellamy Bellew Belli Benbow Benett Benge Bennet Bennett Bentinck Beresford Berkley Berney Berry Bertie Bertram Besley Besson Best Bettesworth Betty Bevan Bevians Bickerton Biggard Bignell Billinghurst Bindon Bingham Birchall Bird Birkhead Bishop Bissell Bisset Black Blackadder Blackburne Blackler Blackwell Blackwood Blainey Blake Blamey Blanchett Bland Blandford Blaquiere Bligh Blight Blissett Blow Bloye Bluett Blunden Blyth Boad Boger Bogue Bolton Bond bone_dynasty Bones Bonnet Bonny Bookless Boorder Booth Borough Borthwick Bostock Boston Boswell Bothwell Boulderson Bounton Bourchier Bourmaster Bourn Bourne Bouverie Bowater Bowden Bowdick Bowen Bower Bowie Bowker Bowler Bowles Bowyer Box Boxer Boyack Boyce Boyd Boyes Boyle Boyles Boys Brabazon Brace Bracegirdle Bradby Braddel Bradley Brady Brainer Braithwaite Branch Brand Brandreth Brathwaite Brawn Bray Bremer Brenton Brett Brice Bridges Bridport Briggs Brine Brisbane Bristow Broad Brock Brockman Brodie Broke Brome Bromley Brompton Bromwich Brookbank Brookes Brooking Brothers Broughton Broun Brown Browne Brownrigg Bruce Brumhall Brunton Bryan Buchan Buchanan Buck Buckland Buckle Buckner Budd Bullen Buller Bulley Bullock Bult Bulteel Bunce Burch Burchell Burdett Burdon Burgess Burgoyne Burke Burlton Burman Burn Burnaby Burney Burrough Burrowes Burrows Burstall Burt Burton Bury Bush Bushby Bussell Butcher Butler Butt Butterfield Butterworth Byam Byng Byron 
		Cable Cadman Cadogan Calder Caldwell Callaway Callis Calmady Cameron Campbell Campion Canning Canterbury Capel Carden Carew Carey Carhew Carne Carnegie Carnegoe Carnegy Carpenter Carr Carter Carteret Carthew Cartier Cartwright Case Casey Cashman Caspal Cathcart Caulfield Cavell Cavendish Cawkitt Chamberlain Chambers Champain Champion Chandler Chapman name_charles Charleton Charlton Cheap Cheese Cheesman Chessell Chesshyre Chester Chetham Chiene Chilcott Child Childs Chimley Chivers Chochrane name_christian Christie Church Churches Clarence Claridge Clark Clarke Clarributt Clavell Clay Clayton Cleland name_clement Clements Clephan Clephane Cleverley Clifton Clinch Clive Cloherty Clyde Cobb Cobham Cochet Cochran Cochrane Cock Cockburn Cockcraft Cocklyn Cocks Codd Codrington Coe Coet Coffin Coggan Coghlan Coham Coke Colby Cole Coleman Coles Colet Collard Collett Collier Collingwood Collins Collis Colnett Colpoys Colquitt Coltman Columbine Colvill Comptonn Comyn Conant Condent Congaiton Conn Connolly Consitt Cooban Coode Cook Cooke Cookesley Coombes Cooper Coote Copinger Corbet Corbyn Corner Cornish Cornwallis Corries Corsellis Cosby Cosgrave Cotton Cottrell Couch Coulson Countess Courtney Courtoyes Covey Cowan Cowley Cox Coxen Coxon Coxwell Cracraft Craig Cramer Craven Crawford Crawley Cree Creed Creery Creighton Cress Cressy Crew Creyke Cribb Crispin Crispo Croasdale Crocombe Croft Crofton Cromwell Crooke Crosbe Crouch Crow Crusoe Crymes Cudlipp Culliford Culls Culverhouse Cumberland Cumby Cuming Cumpston Cunk Cunningham Curry Curtis Curzon Cutcliffe name_cuthbert 
		Dacres Dalby Dale Dalway Daly Dampier Dance name_daniel Daniell Darby Darracott Dashwood Dathan Davey Davidson Davie Davies Davis Davison Dawe Dawes Dawson Day Dayrell Deacon Deams Debenham Delafons Dench Denman name_dennis Dent Derby Derry Desorat Devon Devonshire Dewey Dewsnap Dick Dickens Dickinson Dickson Dilkes Dillon Dix Dixie Dixon Dobbie Dobree Dobson Dod Dodd Dodgson Dods Dolling Dommett Doneclift Donnelly Donner Donnithorne Donovan Dornford Dorril name_douglas Dow Dowell Dowers Down Downie Downing Downman Doyel Doyle Drake Drane Draper Dredge Drummond Drury Dubbin Duckworth Duddington Dudgeon Duer Duff Duffy Duke Dunbar Duncan Dundas Dundass Dunham Dunlop Dunn Durban Durell Durham Dutch Dutton Duval Dove Dyer 
		Eager Eastman Easton Eastwood name_edgar Edgcumbe Edge Edgell Edgerton Edmonds Edwards Ekins Elder Eldridge Elers Elfrith Eliot Elkington Ellary Ellicott Elliot Ellis Ellison Elphick Elphinston Elsmere Emerton England Epworth Errington Essex Essingham Evans Eveleigh Evelyn Everard Eyles Eyre 
		Fabian Faddy Fahie Fairbairn Fairfax Fairweather name_falcon Falkland Falmouth Fancourt Fane Paris Farmer Farnall Farrington Faulkner Faulknor Fayerman Featherstone Fegan Fellowes Fellows Fenn Fennel Fenton Ferguson Fernandes Ferrie Ferrier Ferrieres Ferris Ferritor Festing Field Fielding Fife Finch Finley Finnis Fish Fisher FitzGerald FitzMaurice FitzPatrick FitzRoy Fitzsimmons Flanders Flatt Fleetwood Fleming Flinders Flinn Flint Fly Flynn Folds Foley Folliot Folvill Foote Forbes Ford Forder Foreman Forfar Forrest Forrestale Forster Forsyth Forteescue Forten Fortescue Foulerton Fowell Fowle Fowler Fox France Franklin Fraser Frazier name_frederick Freemantle French Fricker Frissell Fromow Fryer Fuller Fullton Furber Furmidge Furnival Fyffe 
		name_gabriel Gage Galloway Galton Galway Gambier Gardiner Gardner Gardshore Garland Garlies Garrett Garrety Garrick Garth Gascoyne Gatehouse Gawen Gaydon Geale Geare Gedge Gell name_george Gettings Gibbes Gibbons Gibbs Gibson Giddy Giffard Gifford Gigman name_gilbert Gilchrist name_giles Gill Gillette Gilliland Gillingham Gillmor Gilmour Glanvill Glassford Glayson Glen Gligh Glover Glynn Goate Godench Godfrey Goeby Gold Goldesbrough Goldfinch Goldie Gomm Good Gooding Goodwin Gordon Gore Gosselin Gossett Gostling Gould Gourly Gower Graeme Graham Granger Grant Graves Gray Greatrix Green Greene Greening Greenlaw Greensill Greensword Greenway Greenwood Greer Gregort name_gregory Grey Grierson Grieve Griffin Griffith Griffiths Grigg Grindall Grosett Grosvenor Groube Grove Groves Grumley Guion Guise Gulon Gumming Gummoe name_gunther Guthrie Guyon Guyot Gwillim Gwynne Gybbon 
		Hadaway Haddock Haddon Hagerty Hailes Halkett Hall Halliday Hallowell Halsted Halton Haly Hamilton Hamline Hammond Hamond Hampton Hance Hancock Hancorne Hand Handford Handy Hanmer Hanwell Hardacre Harding Hardinge Hardy Hardyman Hare Harford Hargood Hargrave Harland Harley Harper Harries Harris Harrison Hart Hartwell Harvey Harward Hastings Haswell Hatherill Hatley Haverfield Haward Hawes Hawker Hawkes Hawkey Hawkins Hawtayne Hay Haydon Hayes Hayford Haygarth Haynes Heacock Head Heard Hearle Heath Heathcote Heddington Hellard Helpman Heming Hemstead Henderson Hendrie Hendry Hennah Henniker name_henry Henryson Henter Hepenstall Heppell Herbert Heritage Hervey Hewett Hewit Hewson Hext Hexter Heywood Hiatt Hibbs Hickey Hicks Higgins Higginson Higgs Hill Hillier Hills Hillyar Hilton Hindmarsh Hinton Hird Hire Hislop Hitchens Hitchins Hoar Hoare Hobbs Hockings Hodder Hodge Hodgskin Hodgson Hoffman Hoggan Holcombe Holdsworth Hole Holiday Holland Holles Holliday Hollingberry Hollinworth Holloway Holman Holmes Holworthy Home Honey Honeyman Hood Hooper Hope Hopkins Hopkinson Horler horn_surname Horne Hornblower Hornigold Horrie Horsley Horton Hosie Hoste Hotchkis Hotham Houlton Houston Howard Howden Howe Howes Hoy Hudson Hue Hughes Huish Humphris Hungerford Hunloke Hunt Hunter Hupsman Hurd Hurdis Hussey Hutchinson Hutchison Hutton Iliffe Impey Infield Ingham Ingle Inglefield Inglis name_enguerrand Inman Innes Irby Ireland Irons Irvine Irwin Isham Ives Ivie Jack Jackson Jacques Jago James Jameson Jane Janvarin Janverin Jaques Jauncey Jeans Jeffreys Jekyll Jenkins Jennings Jennis Jenny Jepson Jewell Jewers Jeynes John Johnson Johnston Johnstone Jolliffe Jones Joyce Judd name_julian Julyan Jump Justice 
		Kane Katpm Keats Keeler Keen Keenan Keenor Keith Kelley Kelly Kemp Kempe Kempt Kempthorne Kendall Kennedy Kennett Kent Kentish Kenway Keppel Ker Kerr Kevern Key Keys Kidd Killwick Kilner King Kingdom Kingsmill Kinley Kinneer Kinsman Kippen Kirk Kirtley Kittoe Kneeshaw Knight Knighton Knipe Knowles Kortwright Kyle 
		Lackey Laforey Laing Laird Lake Lamb Lambe name_lambert Lamborn Lambrick Lancaster Landless Lane Langdon Langford Langley Lanyon Lapslie Larcom Larkan Larke Larmour Laroche Lasham Laugharne Laurie Lavie Lawford Lawless name_laurence Lawson Lay Layman Lea Leach Leaver Leavey Lecale Lecky Lee Leef Legard Leggatt Legge Leigh Leith Lemage Lennock Leroux Leslie Lethbridge Lewes name_louis Ley Leyton Libby Liddle Lighterness Like Lilburne Lillicrap Limbrey Lind Lindsay Lindsey Linklater Linthorne Linton Linzee Litchfield Little Littlehales Livingstone Lloyd Loane Lobb Lock Lockhart Lockwood Lockyer Long Longcroft Loring Losack Louted Loud Love Lovell Lowcay Lowder Lowe Lowry Lowther name_lucas Luce Luck Luckraft Lukin Lumley Lumsdaine Lundin Lurchen Lurwidge Lusk Lutwidge Lydiard Lye Lyford Lyne Lynn Lynne Lyon Lys Lysaght 
		Magott Magurk Mainwaring Maitland Makolm Malbon Malcolm Maling Mallet Malone Malpass name_man Manby Manderson Manderston Mangin Manley Mann Mansel Mansell Mansfield Manson Mant Maples Mapleton Markett Markham Markland Marley Marrett Marsdin Marsh Marshall name_martin Masefield Mason Massingherd Masterman Maston Mather Matson Matthews Maude Mauger Maundrell Maunsell name_maurice Maxfield Maxwell May Maybery Mayes Maynard Mayne Mayo Mayris Meade Meager Meares Meates Medlicott Meheux Meik Mein Mends Menzies Mercer Meres Merry Messervy Methven Michell Middleton Milbanke Miles Millar Miller Mills Miln Milne Milner Milton Milward Minchin Minster Mitchell Mitford Moat Molineux Monckton Moncur Money Monke Monkton Montagu Montresor Moody Moor Moore Moorhead Moorsom Morce Morey Morgan Moriarty Morice Moriencourt Morrell Morres Morris Morrison Moss Mott Mottley Mouat Moubray Mould Moulding Moulson Mounier Mounsey Mounsher Mowat Mowatt name_mowbray Moxey Moyes Muckle Muddle Mudge Mudie Muir Mules Mulock Munday Mundy Murray Muston 
		Nagle Nainby Nairne Nanny Napier Narracott Nash Nazer Neale Needham Nelson Nepeau Nesbitt Nesham Neve Nevile Neville New Newcombe Newell Newman Newton name_nicholas Nicholls Nicholson Nicol Nicolls Nightingale Ninis Nisbet Nixon Noble Nops name_norman Nornby Norrington Norris North Northesk Northey Norton Norway Norwood Nott Notter Nowell Noyce Nugent Nunn Nutt 
		Oakley Ogilvie Ogilvy Ogle Oke Okes Oldfield Oldroyd Oliphant Oliver Ommanney Onslow Orchard Orde Orfeur Orkney Ormer Ormsby Orton Osborn Osborne Osmer Oswald Otter Ottley Otway Oughton name_eugene Owens Oxborough Oxenham 
		Pace Packenham Packer Packwood Pacy Padeson Page Paget Paine Pakenham Palk Palmer Pamp Pardoe Parish Parke Parker Parkinson Parrey Parry Parsons Pasco Pascoe Pasley Pater Paterson Pateshall Patey Patriarch Patterson Patton name_paul Paule Paulet Payne Peacocke Peake Pearce Peard Pearkes Pearse Pearson Pease Pechell Pedlar Peed Peek Pellew Pellowe Pelly Pemberton Pender Pengelly Pennie Penrose Peppen Pepwell Pepys Percival Percy Perdrieau Peregrine Perkins Perry Peshall name_peter Petley Petman Petter Pettet Pettman Pew Peyton Philipps Phillimore Phillip Phillips Phillot Philpot Phips Pickernel Pickford Pickmore Pidgley Piercy Pierie Pierrepont Pigot Pike Pilch Pilfold Pilot Pimlott Pinto Pipon Place Plaine Plamplin Planner Plantain Platt Plowman Plunket Poate Pogson Pole Pollock Ponsonby Pook Poole Pope Popham Porter Portlock Potter Potts Poulden Poulett Pound Powell Power Poyntz Praed Prater Prescott Presley Pressland Preston Prevost Price Pricket Prickett Pridham Prient Priest Priestley Pringle Prior Pritchard Proby Probyn Provost Prowett Prowse Procter Prynn Puget Pulling Purches Purdue Purvis Putland Pye Pym 
		Quash Quelch Quilliam Quinton 
		Rackham Radstock Raggett Raigersfeld Rainier Rains Raitt Ramage Ramsay Ramsey Randle Raper Rathborne Ratsey Ravenscraft Ravenshaw Rawe Raye name_rayner Raynsford Read Reddie Reddy Reding Redmill Redmon Redruth Reekie Regbie Reid Relph Renny Renwick Reskinner Retalick Reynolds Riboleau Ribouleau Rice Richards Richardson Richbell Ricketts Rickman Rider Ridge Rigby Roach Robb Robbin Roberts Robertson Robilliard Robins Robinson Roby Rochfort Rodd Roddam Rodney Roe Rogers Rolles Rorie Roscow name_rosa Rosher Roskruge Ross Rosson Rotheram Rouett Rowe Rowed Rowley Rowling Royer Ruddach Rude Rudsdell Rugby Runwa Rushworth Russel Russell Rutherford Ryan Ryder Rye Ryves 
		Sadler Sainthill Salisbury Salmon Salt Salter Salwey Sampson Samwell Sanders Sanderson Sandey Sandham Sandys Sangster Sargent Sauce Saunders Savage Saville Sawkins Sawyer Sawyet Saxon Sayer Sayes Scallon Schank Schaw Schomberg Schuyler Scobell Scot Scott Scriven Scroder Scrooge Seager Searle Seater Seaver Seccombe Seepgood Selby Senhouse Seppings Serrell Seton Seward Seymers Seymour Shackleton Shadbolt Shakespeare Share Sharp Sharpe Shaw Shed Sheldrake Shells Shepard Shepheard Shepherd Sheridan Sherriff Sherwin Shewen Shield Shields Shine Shinetop Shippard Shirley Shirreff Shivers Short Shortland Shrapnel Shuldham Sibley Sibrell Silver Simes Simmonds Simmons Simons Simpson Sinclair Sinions Skelton Skene Skinner Skipsey Skottowe Skryinsher Skryme Skynner Skyrme Slade Sleigh Slessor Sloane Small Smart Smillie Smirk Smith Smithies Smyth Snell Sneyd Snow Soley Somerville Sotheby Sotheren Sotheron Southcott Southey Souton Sowerby Sparke Sparkes Sparrow Spear Spearing Spence Spencer Spicer Spranger Spread Spriggs Sproule Spry Squarey Squire Stirling Stackpoole Stagg Staines Stainforth Stamp Standish Stanhope Stanley Stansbury Stanted Stanton Stap stapleton_dynasty Stark Steel Steele Stenhouse Stephens Stephenson Steuart Stevens Stevenson Steventon Stewart Stiles Stockham Stoddart Stokes Stone Stonehill Stopford Story Stow Stoyle Strachan Strachey Street Strong Strugnell Strutt Stubbs Stuart Stupart Sturt Styles Suckling Sulivan Surridge Sutherland Sutton Swaine Swan Swann Sweeney Swinburne Swiney Swymmer Sykes Syme Symes Symonds Symons 
		Tailour Tait Talbot Tamplin Tancock Tandy Taplen Tapp Tatam Tatham Tayler Tayleure Taylor Teach Templar Temple Templer Ternan Tetley Tew Thesiger Thatch Thicknesse name_thomas Thompson Thomson Thornberry Thornborough Thrackston Thrackstone Threepwood Thrush Thwaits Tickell Tidy Tildesley Tillard Tiller Timin Timins Tindale Tindall Tingling Tinkler Tinsley Tippet Tippett Titcher Tobin Toby Todman Tokely Toker Tom Tomlinson Tonge Tonyn Tookey Tooley Toothrot Touzeau Townsend Towry Tracey Travers Treacy Tredwin Tregurtha Trelawny Tremlett Trench Trenholm Tresahar Trigge Triton Trollope Trotter Troubridge Truscott Tucker Tuckey Tuite Tullidge Tullock Tulloh Turnbull Turner Turnout Twisden Twist Tyler Tyre Tyrwhitt Tyte 
		Upton Urry Ussher Uvedalte 
		name_valentine Vallack Vashon Vassall Vaughan Vautier Veitch Verney Vernon Vesconte Vesey name_vincent Vine Violett Vivion Vol Vosper 
		Waddell Wagman Wainwright Walbeoff Waldegrave Wales Walker Wall Wallace Waller Wallington Wallis Walpole Walrige Walsh Walters Walton Want Warburton Ward Warden Waring Warner Warran Warre Warrem Warren Washington Waterhouse Waters Watherston Watkins Watson Watt Watts Webb Webber Webley Weeks Weils Weir Welch Weld Welland Weller Wellesley Wells Welsh Welstead West Westbeach Westcott Western Westphal Westropp Weymouth Wharson Wharton Wheadon Wheatley Whilley Whimper Whinyates Whipple Whiston Whitaker Whitby White Whitehead Whithy Whitly Whitshed Whitter Whorwood Whyte Wickey Wickham Wilbraham Wildey Wiley Wilkins Wilkinson Wilks Willes Williams Williamson Willis Willoughby Wills Willson Wilmot Wilson Wing Wingate Winne Winslow Winthrop Wintour Wise Withers Witherston Wittman Wodehouse Wolfe Wollaston Wolley Wolseley Wood Woodbine Woodbridge Woodcock Woodger Woodin Woodland Woodman Woodriff Woodward Woolcombe Wooldridge Woolsey Worley Worrall Worsley Worth Woud Wray Wrayford Wrench Wright Wyborn Wycliffe Wyke Wylie Wynter 
		Yarker Yates Yelland Yeo Yetts Yonge York Yorke Young Younger Yule
	}
	ship_names = {
		achilles
		adamant
		advice
		antelope
		arrogant
		assistance
		association
		assurance
		audacious
		august
		bull
		captain
		centurion
		colossus
		conqueror
		content
		coronation
		crown
		dauntless
		defiance
		dragon
		dreadnought
		duchess
		duke
		eagle
		elephant
		excellent
		expedition
		experiment
		fame
		firm
		fortitude
		glory
		goliath
		hannibal
		hero
		hope
		horse
		illustrious
		impregnable
		indefatigable
		interceptor
		intrepid
		invincible
		irresistible
		isis
		jupiter
		kingfisher
		leopard
		leviathan
		lion
		magnificent
		majestic
		marigold
		mars
		medusa
		minotaur
		moderate
		monarch
		moon
		neptune
		nonsuch
		oak
		ocean
		orion
		panther
		phoenix
		powerful
		president
		princess
		prize
		prudent
		queen
		renown
		repulse
		reserve
		resolution
		restoration
		revenge
		royal
		ruby
		saturn
		sceptre
		sovereign
		standard
		stately
		superb
		surprise
		swallow
		swan
		swiftsure
		terrible
		thunderer
		tiger
		trememndous
		trident
		triton
		triumph
		trusty
		unicorn
		union
		unity
		valiant
		vanguard
		venerable
		veteran
		victorious
		victory
		vigilant
		warrior
		warspite
		zealous
	}
	dynasty_template_keys = {
		SOMEONE_OF_SOMEWHERE
		SOMEONE_FROM_SOMEWHERE
		SOMEONE_THE_SOMETHING_OF_SOMEWHERE__TYPE
		SOMEONE_THE_SOMEDESC_SOMETHING__ADJ_TYPE
		SOMEONE_THE_SOMELOCALITY_SOMETHING__TYPE
		SOMEONE_THE_SOMENATIONALITY_SOMETHING__TYPE
	}

	location_prefix = "location_prefix_english"
	location_prefix_ancient = "location_prefix_french" # just for the "de" ones
	location_prefix_ancient_vowel = "location_prefix_french_vowel" # just for the "de" ones

	descendant_prefix = "descendant_prefix_english"

	dialects = {
		english_dialect = {
			patronym_suffix_son = "patronym_suffix_english_son"
			patronym_suffix_daughter = "patronym_suffix_english_son"
		}
		hiberno_english_dialect = {
			patronym_prefix_son = "patronym_prefix_norman_son"
			patronym_prefix_daughter = "patronym_prefix_norman_son"
		}
		northumbrian_dialect = {
			patronym_suffix_son = "patronym_suffix_english_son"
			patronym_suffix_daughter = "patronym_suffix_english_son"
		}
		scots_dialect = {
			patronym_prefix_son = "patronym_prefix_scots_son"
			patronym_prefix_daughter = "patronym_prefix_scots_son"	
			lowborn = {
				name_aitken
				name_barclay
				name_beattie
				name_blackwood
				name_broadfoot
				name_brodie
				name_bryden
				name_cairns
				name_clelland
				name_cowie
				name_cuthbertson
				name_dalgleish
				name_dobbie
				name_douglas
				name_drummond
				name_eaglesham
				name_easson
				name_ewart
				name_fairbairn
				name_forsyth
				name_gibb
				name_gillespie
				name_gilmour
				name_gourlay
				name_grainger
				name_greig
				name_halkett
				name_hardie
				name_hislop
				name_hogarth
				name_howie
				name_innes
				name_keir
				name_kerr
				name_kilgour
				name_kincaid
				name_kinnear
				name_kirkwood
				name_laidlaw
				name_laing
				name_leckie
				name_livingstone
				name_lockhart
				name_lorimer
				name_lumsden
				name_lyle
				name_main
				name_maitland
				name_manson
				name_meldrum
				name_melrose
				name_menzies
				name_milne
				name_murdoch
				name_nairn
				name_napier
				name_nisbet
				name_ogilvie
				name_oliphant
				name_ormiston
				name_peebles
				name_penman
				name_pollock
				name_prentice
				name_pringle
				name_provan
				name_raeburn
				name_ramsay
				name_ritchie
				name_rutherford
				name_sandilands
				name_scobie
				name_shand
				name_shearer
				name_skeoch
				name_smeaton
				name_spens
				name_spiers
				name_stenhouse
				name_stobie
				name_strachan
				name_struthers
				name_sutherland
				name_swinton
				name_tait
				name_thain
				name_tod
				name_torrance
				name_turnbull
				name_urquhart
				name_veitch
				name_waddell
				name_walker
				name_weir
				name_wishart
				name_wylie
				name_youngson
				name_yule
			}
		}
	}
}
